komentar,label
Meski merokok membunuhmu... Go ahead. Lets do it. Lol ngakak pas bagian itu,Positif
Sudah 3 tahun sejak saya berhenti merokok. Selamat kepada diriku sendiri,Negatif
mantap hisap HISAP hisap itu hitam PARU PARU LOE,Negatif
"Konten yang baik malah minim subcribe, tapi yang alay malah subcribenya bejibun.. kemon lah warga subcribe channel ini",Positif
"Alhamdulillah mulai perlahan berhenti. Yang tadinya sehari 1 bungkus, sekarang 1 hari sebatang. Semoga aja berhenti",Negatif
"8 Tahun menjadi perokok, sampai akhirnya tersadar yang punya pabrik rokoknya sendiri tidak pernah merokok",Negatif
"Aku bukan perokok yang super aktif. Tapi kalau lagi ngumpul ya harus merokok, emang kalau ada rokok obrolan jadi seru.",Positif
"Yang saya Suka dari Rokok adalah Iklannya, karena iklannya seperti punya atmosfir sendiri di setiap Tahunnya...",Positif
intinya adalah perokok dan para anti rokok akan selalu seperti ini.. perang,Positif
"Mending ""di rokok"" ketimbang merokok heheh",Positif
"Sejak gue lahir, gue tidak pernah merokok. Selamat untuk diri gue",Negatif
bagus banget nih video.lanjutkan! :),Positif
santai bang rokok itu ramah lingakungan kok ngebunuh manusia soalnya,Positif
Alhamdulillah 1 tahun tanpa Rokok,Negatif
Yang punya channel siapa ya? Genius,Positif
Good video masbro. Kutunggu video mantabmu selanjutnya,Positif
"Iklan jangan diskip, biar remotivi bisa terus berkarya",Positif
keren videonya,Positif
Tingakatkan! Ditunggu video-video lainnya,Positif
Sebelum menonton ini Alhamdulillah saya sudah berhenti merokok,Negatif
Dimulai dengan sejarah yang semua orang tahu disusul dengan fakta yang bertahap,Positif
"Masih Banyak yang Merokok Karena Peringatanya,,, ""Merokok Membunuhmu"" Bukan Membunuhku",Positif
"Sherlock holmes merokok, makanya gue tertarik wkwkwk",Positif
"Silahkan merokok sih, asal asapnya telan sekalian awkwkwkwk",Negatif
"Nunggu orang yang komen ""MEROKOK MATI, GAK MEROKOK MATI, MENDING MEROKOK SAMPAI MATI""",Negatif
Bagus banget konten-konten yang remotivi sajikan!! Semangat terus ya!!,Positif
Ambil hikmahnya aja,Positif
Pabrik rokok ditutup aja,Negatif
ketemu channel begini langsung auto subscribe,Positif
"konten yang bagus, semoga terus lanjut untuk mencerdaskan bangsa. tetap semangat",Positif
"Nyesel deh aku merokok, semoga bisa cepat berhenti kita semua",Negatif
"Para perokok selalu berhasil berjuang mengurangi rokok,,,(dari dalam bungkusnya)",Positif
"gue Uda mengurangi, mengurangi rokok dari bungkusnya",Positif
Saya Sudah mengurangi merokok.. Iya..mengurangi dari bungkus nya,Positif
"Tapi rokok telah di hisap sebelum ada iklan rokok, kenapa ya?",Positif
"Harga rokok dimahalkan, buat regulasi bagi perusahaan rokok buat menaikan harga rokok kalau masih mau jualan rokok di Indonesia",Negatif
video keren,Positif
Mantab bos,Positif
Gak ada loe tetap rame :),Positif
"Merokok membunuhmu, dengan kata lain, anda sedang membunuh diri sendiri. Ya gak?",Negatif
"Konten loe emang paling top, semoga gak jadi bubar, semangat!",Positif
Yoi... gak zaman menghisap rokok... ngunyah sirih dong... sirih umild sama marlboro,Positif
Keren banget,Positif
Kontennya mantap,Positif
sesi komentar membuat saya paham. kenapa remotivi ini penting untuk tetap ada.,Positif
Aku perokok tapi aku dukung Remotivi. Ironis gak ya? Wkwk~,Negatif
Mantap banget,Positif
"warisan budaya bukan di tembakaunya, tapi di kreteknya, saya rasa remotivi bukan tidak tau itu.",Negatif
Keren kontennya!,Positif
Alhamdulillah dah jauh dari rokok tapi sekarang lebih Deket ke cangakalaung,Positif
Iklan yang gak ada barangnya,Negatif
"setelah melihat tayangan ini, saya jadi ingin merokok.. hehehe piece!!!",Positif
Mantap juga channel tetangga,Positif
Keren channelnya!,Positif
"Alhamdulillah sudah 1 tahun lebih saya berhenti merokok, ğŸ™‚",Negatif
"Dari sekian banyak teman gue yang perokok, cuma gue yang gak ikut-ikutan.",Negatif
"mau iklan bagaimana juga rokok sudah jadi ""tradisi""",Positif
untung mak gue pernah bilang â€œjangan merokokâ€ dan gue sayang mak gue akhirnya sampai skg gue gak merokok walau lingkungan temanâ€ gue perokok,Negatif
Harus ada di trending nih :(,Positif
"Untung gak ada iklan rokok cewek solehah, kalau gak bisa jadi rival si Hilo",Positif
sudah dijabarkan serinci ini masih aja yang denial? gak paham lagi dah ğŸ˜‚,Negatif
Channel ini gak boleh berhenti! Keep fighting!,Positif
"Nah, ini yang saya tunggu sejak lama. Pembahasan mengenai iklan rokok yang ""cerdas"" dalam mengakali regulasi pemerientah.",Positif
Ck! gila sih ini kenapa keren banget visualisasi & isi kontennya. mencerdaskan bro! jempol 1000 dahğŸ‘ğŸ»ğŸ‘ğŸ»ğŸ‘ğŸ»,Positif
Mbah saya umurnya hampir 100 dan merokok alhamdullilah sehat ğŸ™ğŸ™,Positif
Serasa ingin pindah negara wkwk,Positif
Kreatifitas dapat menjualâ€¦,Positif
"Bukan banci ataupun gak keren, melainkan hanya para jiwa kuat yang tidak merokok",Negatif
Rokok itu program pemerientah!,Positif
"entah kenapa, kalau melihat iklan rokok pas nonton film diatas jam 9 di tv, bawaannya ngantuk terus.",Positif
Bahas regulasi dan dampak ekonomi nya juga sepertinya menarik..ketimpangan pengusaha dan petani tembakaunya..,Positif
Apakah editor video ini perokok??,Positif
"Okeh darii video ini saya stop merokok... tapii pindah ke ijo wkwkwk, canda bre...",Positif
channel bagus top markotop. Tau arti dji sam soe???,Positif
seharusnya harga rokok 200 ribu sebungkus nanti bakalan berkurang drastis orang yang merokok bang,Negatif
gue heran sama yang merokok .. Belum aja sih merasakan pahitnya rumah sakit,Negatif
Narasimu asik sekali ğŸ‘Œ,Positif
lihat video remotivi sambil merokok ğŸ¤,Positif
"Dan pada nyatanya, banyak obrolan lebih santai dan hangat dimulai dari 'bang minjem korek dong'",Positif
Siapa yang bangga melihat Bung Karno merokok di kasih api sama Jawaharlal nehru ğŸ˜€,Positif
Siapa yang nonton video ini sambil merokok!! ğŸ˜‚ğŸ˜‚,Positif
Suka banget sama konten konten dari channel ini! Sukses terus!,Positif
yang buat video pastinya gak merokok ğŸ˜Š,Positif
saya langsung subscribe.... alhamdulillah sekarang sudah setahun berhenti merokok....,Negatif
keren banget !!!!!! saya support banget remotivi !,Positif
"Pabrik gak salah ,pemerintah gak salah, benda (rokok) tidak salah, yang salah anda yang merokok, dan anda yang tidak merokok sehingga tercipta konten ini.",Negatif
Lebih banyak yang mati karena motorğŸ¤—,Positif
channel favorit dah. Selalu sepemikiran namun saya gak bisa mengemas apa yang dipikiran saya dengan baik dalam penyampaian.,Positif
Gak ada loe gak rame Wkwkwk sepertinya gue belum lahir pas iklan seperti gitu,Positif
Bapak gue berhenti merokok sebelum gue lahir (anak pertama),Negatif
Terimakasih,Positif
Keren,Positif
yang lagi lihat sambil merokok angkat tanganğŸ˜‹ğŸ˜‹,Positif
"direktur sampurna tidak merokok, bangsat kan?",Negatif
Luar biasa!!,Positif
"ingin berhenti, tapi ngimbangin kawan jadi susah banget",Negatif
Kenapa tidak sekalian rokok diharamkan? ,Negatif
yang mampir kesini bersyukur sepertinya sedikit bisa jadi pribadi yang open minded! Thanks ya Remotivi. VeryWell Job!,Positif
gue setel video ini di Dekat bapak gue yang lagi merokok malah di hajar bangsat,Negatif
siapa yang nonton sambil merokok nih?,Positif
"kalau bisa mah monetize videonya bro, ikhlas dah gue nonton iklan gak di skip",Positif
Setelah lihat video ini akhirnya saya putuskanğŸ˜”ğŸ˜ŒğŸ˜£ untuk berhenti nonton video ini dan lanjut merokok hehehee,Positif
"channel ini keren , konten-konten lainnya bagus-bagus , tapi konten yang ini,. Sampah",Negatif
"Merokok segitu bahaya boleh, marijuana yang lebih aman dilarang. Tanya kenapa?",Positif
"MEROKOK ENAK ğŸ˜, MARI MEROKOK ğŸ˜†",Positif
Channel panutanku!!,Positif
Loe aku nonton sambil merokok :),Positif
So proud !! Lanjutkan dengan konten keren lainnya,Positif
Yah.. kecewa pas lihat endingnya. Ternyata..,Negatif
Keren!! Please urai juga racun-racun dari knalpot...,Positif
terimakasih info positifnya,Positif
Dan saya menonton video konten ini sambil menghisap rokok. Lihat betapa absurdnya hidup saya gara gara rokok...,Positif
Emang nya mengunyah sirih gak pakai tembakau??,Positif
Alhamdulillah sudah bisa mengurangi rokok dari bungkusnya,Negatif
"Aku jadi menyadari, iklan iklan itu sangat menjijikan ya....",Negatif
kenapa baru muncul di beranda sekarang sih?,Positif
Iya itu benar .kalau rokoknya di makan..,Positif
GUE NONTON INI SAMBIL NGEVAPE :v,Positif
Video yang sangat berfaedah ğŸ‘,Positif
Nonton video ini sambil merokok biar lebih mantap ğŸ˜†,Positif
Selama ini kemana aja gue.... Channel ini gilaa banget keren.. Langsung gue Subcribe.. Plus lonceng dah .. Lanjut teros bro terus berkaryağŸ’ªğŸ’ª,Positif
Kalau junkfood gimana ??,Negatif
sepertinya mulai sekarang aku gak menolerir perokok di tempat umum lagi. Setidaknya di dekatku. :'),Negatif
"152 berbahaya, sisanya tidak berarti",Negatif
Terakhir merokok 2011... Dan tanpa di sadari aku berhenti...,Negatif
Pengisi suaranya merokok gak tuh? Heheheh ğŸ™ğŸ™ğŸ™ğŸ˜„,Positif
"Yang bermasalah ialah perokok yang ""gak tau nalar"" mewabah dimana-mana..",Negatif
Rokok the bestğŸ˜‚ğŸ˜‚ğŸ‘,Positif
Siapa yang nonton ini sambil merokok?,Positif
Misih! Ada yang punya korek gak?,Positif
"setelah melihat video ini, saya berhasil mengurangi rokok, ""rokok teman saya maksudnya"" hahaha",Positif
"Aih sial , gue baru ngeh maksud maksud iklan itu",Positif
Keren ini channel,Positif
"saya adalah perokok..., Alhamdulillah setelah gue nonton video ini, saya berhenti menonton videonya...,",Positif
Pertama kali nonton channel ini langsung gue subscribe. Pembahasan nya menarik dan disusun secara sistematis,Positif
gue nonton ini sambil merokok ğŸ˜,Positif
Dari 14 teman di SMA aku aja sudah 9 gak merokok sama sekali hehe!!,Negatif
Alasan gue berhenti merokok karena cewek wkwkwk,Negatif
suka bangetğŸ‘ğŸ‘,Positif
.merokok tidak berbahaya kok (selama tidak ada api/koreknya) ğŸ˜ğŸ˜„ğŸ˜‚,Positif
"Konten berkualitas, lanjutkan Bung !",Positif
gue bakal mendukung rokok kalau asapnya mereka telan gak usah dibuang :v,Negatif
Apa cuman gue yang nonton ya sambil merokok ğŸ˜,Positif
Asli keren,Positif
yang nonton sambil ngopi & merokok mana suaranyaa ğŸ˜‚ğŸ˜‚ğŸ˜‚,Positif
Saya perokok tapi saya suka channel ini karena selalu mengedukasi ğŸ‘,Positif
"Para perokok itu penyumbang penghasilan negara karena pajaknya itu besar, kata bapak ku ğŸ˜†ğŸ˜†ğŸ˜†ğŸ˜†",Positif
Saya setuju rokok tidak baik tapi ini menyenangkan wkwkwk,Positif
selalu suka dengan konten yang dibawakan remotivi,Positif
Nonton video remotivi sebelum-sebelumnya.. saya jadi tau alasan kenapa orang tua saya sering melarang saya untuk nonton TV.. haha,Positif
Anjay membayangkan kalau nongkrong sambil nyirih..keren banget!!,Positif
"Siapa yang bisa menguasai media dialah pemenangnya, begitu juga rokok.",Negatif
"SUPERB!!! jujur kita kadang tidak menyadari semua itu, kita selalu terkagum-kagum akan iklan dan acara yang mereka buat.",Negatif
Keren loe pada,Positif
"sudah coba beberapa kali, tetep gak nemuin nikmatnya.",Negatif
"Setelah melihat video ini, saya memutuskan untuk tidak melanjutkan menonton video ini ğŸ˜‚ğŸ˜‚",Positif
lalu yang ingin disampaikan apa?,Negatif
Apa yang menuntun kalian untuk merokok gan?,Negatif
Kenapa saya menonton video ini sambil hisap rokok ğŸ˜­ğŸ˜­ğŸ˜­ğŸ˜­ğŸ˜­,Positif
gue nonton video pas lagi merokok,Positif
Aku kira di akhir video ada solusinya untuk anak muda supaya tidak merokok,Negatif
Cerdas,Positif
pakai aturan pembatasan usia (21+) dan perketat regulasinya untuk mencegah perokok aktif di lingkungan pelajar,Negatif
"Maaf mas bro, tapi yang tau kondisi dan keadaan saya , ya saya sendiri memilih, memilih dan menjaga kesehatan saya",Negatif
"Sudah jelas rokok berbahaya, kenapa pemerintah tidak melarangnya padahal sudah jelas tertera dalam UU.",Negatif
"Konten sudah keren, tinggal namanya di tambah no limit biar subcribernya banyak ğŸ˜†",Positif
Rokok merampokmu :v,Negatif
Yang penting punya otak dan akal kalau mau merokok ğŸ˜,Positif
merokok mati gak merokok mati... Takdir allah,Positif
nah harus di kasih tau nih sama bapak sama kakak gue,Negatif
lihat video ini jadi ingin merokok :D,Positif
Tapi ada fenomena unik juga rokok menambah pertemanan juga ğŸ˜‚ğŸ˜‚,Positif
"Yang mau merokok merokok aja, yang gak ya sudah. Saling menghargai saja. Jijik habis sama yang sok suci dan sok sehat.",Positif
lihat video ini sambil merokok coy...,Positif
"males komen panjang, intinya video ini keren, bukan cuma asal jeplak!",Positif
"gak gue skip iklannya, yaiyalah nih video isinya iklan.",Positif
Keren banget channel nya pak,Positif
Iya itu benar .kalau rokoknya di makan..,Positif
Langsung gue subscribe,Positif
"Channel keren, top, baru pertama ini aku lihat channel Indonesia sekeren ini!",Positif
"rokok adalah teman yang selalu ada, kita tidak akan terasa asing saat bersendirian di tempat yang ramai.",Positif
"Tetap semangat mas, idealisme mu sangat saya sukai",Positif
Aku lihat video ini di temani kopi dan 2 batang samsu..mantap,Positif
rokok juga memberi rezeki ke dokter-dokter jantung dan paru-paru,Positif
kalau gak merokok terus mau ngapain? susah amat hidup.,Positif
gue merokok sedari kelas 6 sd 2009 sampai 2016 sekarang berhenti gara-gara kadang sesak nafas,Negatif
"Rokok bukan membunuh mu, tapi menyakiti mu secara perlahan sampai akhir ğŸ˜",Negatif
"Jadikan iklan rokok sebagai inspirasi, tapi jangan beli rokoknya",Negatif
rokoknya murah sih... kalau kayak alkohol begitukan jadi yang pakai dikit :v,Negatif
"Kalau kata dosen saya, kalau mau merokok sekalian aja yang gak ada filternya:))",Positif
"Bagian terakhir kirain iklan rokok, ternyata video penutup...ğŸ˜‚",Negatif
Berarti pembuat rokok membuat banyak zat ya,Negatif
Saya tak pernah percaya iklan apapun di tv,Positif
Setelah Nonton Ini Saya Berhenti MeNONTON VIDEO INI,Positif
Ijin download buat dishare,Positif
Miris banget... Masih aja ada iklan rokok (khususnya di tv). Harusnya iklan rokok dilarang beredar. ğŸ˜¥,Negatif
Rokok tidak rokok mati kok ğŸ˜‚ Mending merokok biar hidup lebih tenang,Positif
Cukai rokok turut membantu defisit bpjs kesehatan. Etis gak sih ğŸ˜—,Positif
"Siapa yang nonton sambil hisap rokok hayo, cung !",Positif
Aku nonton ini Sambil merokok ğŸ˜Š tapi ambil aja ilmunya ğŸ‘ğŸ¼,Positif
Mau ngumpulin cowok yang gak perokok. Ada?,Negatif
"setelah saya membaca artikel tentang rokok, mulai saat itu saya berhenti ... membaca.",Positif
"kalau bagi yang pecinta rokok gak mudah untuk membuat konten yang mengakritisi soal rokok, pasti ada tekanan batinnya.",Positif
"Tapi harus diakui, iklan rokok emang kreatif",Positif
Saya sudah 2 tahun berhenti merokok.. Dan berhenti merokok itu sangat sangat mudah.,Negatif
"lihat video ini sambil merokok, santuy",Positif
Ini mah konspirasi loe aja,Negatif
gue mending beli STMJ,Negatif
Alhamdulillah untung sejak SMP kyai saya dah haramkan rokok sehingga saya sampai sekarang tidak merokok,Negatif
Saya perokok dan saya marah dengan video ini. Semoga yang tidak merokok masuk surga dan biar saya bersama iblis dalam neraka,Positif
Kok ku ragu ya kalau pembuat konten remotivi bukan perokokğŸ¤£,Positif
Kenapa rokok masih di perjual belikan kalau sudah tau rokok itu beracun..???,Negatif
"Jujur, gue nonton video ini sambil merokok Dont judge me please",Positif
Biar gak ada yang merokok kenapa gak berhenti produksi saja?,Negatif
"alhamdulilah mulai mengurangi rokok , dari satu bungkus berkurang sebatang dan akhirnya habis",Positif
gue lihat video ini sambil merokok,Positif
"dulu kakek saya katanya merokok dari umur 8 tahun, alhamdulillah sampai sekarang dia sehat walafiat padahal dia merokok dari dulu sampai sekarang",Positif
"auto subcribe ,,baru nemu channel yang bermanfaat seperti ini",Positif
Dikampung saya kakek-kakek perokok rata-rata pada sehat aja tuh ğŸ˜†,Positif
Merokok itu hukumnya haram,Negatif
siapa yang nonton ini sambil merokok?,Positif
cara gue berhenti merokok caranya ngemil terus hahaha tapi jangan lupa sikat gigi,Negatif
"Saya perokok, temen saya gak merokok. Duit sama-sama habis",Positif
"Setelah merokok 10 tahun dari jaman SMA, akhirnya berhenti selama 1,5 tahun ini.",Negatif
yang nonton video ini sambil merokok mana suaranya ğŸ˜,Positif
sumpah pembahasan literasi dan animasi nya keren banget.. tambah ilmu agar menjauhi nih barang berbahaya..,Negatif
Gue sih ingin banget nempeleng orang yang bilang â€œbukan cowok kalau gak merokokâ€.,Negatif
Remotivi channel paling sok tau.,Positif
"yang dibahas iklan rokoknya, mah yang dikomen rokoknya. Wkwkwkw",Positif
Legalisasi Ganja adalah koentji,Positif
Dan saya menonton video ini sembari menghisap rokok. Hmm..,Positif
"ketika kamu berpegang teguh bahwa merokok itu haram, selesai sudah",Negatif
Video ini sangat bermanfaat dan cerdas.. *,Positif
Masih inget banget djarum mau bantu bnn buat masalah narkoba tapi akhirnya ditolak,Positif
Yang mampir kesini bersyukur sepertinya sedikit bisa jadi pribadi yang open minded! Thanks ya Remotivi. VeryWell Job!,Positif
Kalau rokok di indonesia di pending 1 tahun aja mungkin bosnya rokok merana yağŸ˜‚ğŸ˜‚,Positif
Kenapa rokok? Kenapa tidak kendaraan bermotor?,Positif
gue beralih ngevape. sukses sudah 8 bulan gak merokok.,Negatif
umur 21 gue gak merokok,Negatif
"Ambil manfaatnya saja, Setidaknya mampu mengedalikan jumlah penduduk...",Positif
"Coba buka tentang kuis di televisi , dan bagaimana cara kerjanya",Positif
asik nih channel... membuka wawasan.. auto subcribe nih ya mimin.,Positif
Tembakau dikenalkan oleh kolonial..? Mendidik sekali bro....,Positif
Rokok membunuh mu,Negatif
"harganya dinaikan, sampai 100.000 minimal /bungkus,,",Negatif
Alhamdulillah saya sudah 1 tahun tidak ada hisap rokok sekali pun ..,Negatif
"Yang agak bego itu kalau ada orang yang dewasa, menghasut anak yang masih sekolah buat merokok",Negatif
Ini baru karya jurnalistik,Positif
Alhamdulillah sudah berhenti merokok,Negatif
untung gula gak ada iklannya...wkwk.. bersyukur bisa minum teh air manisâ€¦ wkwk,Positif
yang perokok tapi sehat mana jempolnya dan subscribe channel ku yağŸ‘,Positif
yang awal merokoknya cuma gaya-gayaan akhirnya kecanduan... Mana suaranya?,Positif
Kenapa Perokok UmurNya Bisa sampai 80an? Karena Allah lah yang memberi umur,Positif
Yang perokok berat mana like nya semoga yang beri like sehat walafiat ğŸ‘ğŸ‘ğŸ‘ğŸ‘ğŸ‘ğŸ™ğŸ™ğŸ™,Positif
Ini baru dokter yang bijak. Memberi solusi tapi tidak memihak siapaun.ğŸ‘Œ,Positif
"Dokter ini menurut saya Adil,saya suka komentar berimbang,mantap Dok!",Positif
yang habis makan terus merokok mana jempolnya Semoga sehat selalu,Positif
Emang betul.. kenapa yah..bahkan yang banyak terserang covid yang tak merokok..,Positif
gue perokok dari sd kelas 3 sampai sekarang allhamdulillah di beri kesehatan .. yang penting selalu Berpikiran Positif,Positif
Surya gudang garam mana likenya ğŸ˜â˜ï¸ğŸ‘ğŸ‘ğŸ‘,Positif
"Merokok mati, tidak merokok juga mati, lebih baik merokok sampai mati !!!",Positif
"Sangat bermanfaat, makasih dokter.",Positif
Ini baru dokter yang benar-benar memberi solusi cara berhenti merokok.,Positif
Good video sangat inspirative.. sukses selalu,Positif
Alhamdulillah masih tahan sebungkus sehari (GP Hitam),Positif
Saya perokok berat 3 bungkus sehari. Alhamdulillah sudah 1 tahun berhenti. Ternyata badan lebih enak. Duit lebih bermanfaat.,Negatif
Makasih ilmunya dok. Saya ijin untuk mengutip ya dokğŸ™ğŸ»,Positif
yang suka BERAK sambil merokok siapa cuy??,Positif
Mantap nih tausiyah rokoknya lanjut pakâ¤ï¸â¤ï¸â¤ï¸,Positif
Cerdas dan bijak. Terima kasih DokterğŸ™â¤ï¸,Positif
"Siapa nonton, setuju ? Mana jempol yang masih merokok.. Saya masih merokok ğŸ‘ğŸ™",Positif
"Yang setiap berak (BAB) sambil merokok, mana suaranyağŸ˜ğŸ˜„",Positif
Merokok sambil buang air dan main hp mana jempolnya ..wkwkwk,Positif
"Yang merokok sambil baca komentar mana like anda, semoga kita sehat semua yang merokok juga yang gak merokok",Positif
Pertanyaan yang tepat dan jawaban yang masuk akalğŸ‘ sehat selalu dokğŸ™,Positif
"Konten bagus, fair......blak-blakan bisa mengulas dari banyak sisi ğŸ‘",Positif
"Si perokok itu sudah gak sehat gak mungkin sakit, ngerti gak ?",Positif
"kalau bisa jangan merokok, kalau mati disumet",Positif
"Saya merokok sejak puber, 5 tahun belakangan saya makan bawang putih mentah 2 sampai 5 biji setiap hari.",Positif
"Gue berhenti merokok kalau pas sakit doang, setelah sembuh merokok lagi ğŸ˜…",Positif
Mudah-mudahan merokok tidak merokok semuanya panjang umur.. aamiinğŸ¤­ğŸ™,Positif
"Lebih bagus gak merokok, makan buah-buahan / cemilan sehat",Negatif
"simpel, semakin kau tau semakin kau tidak tau :v",Positif
"Saya masih aktif olahraga, lari pagi setiap hari minggu, juga ngegym di rumah hehe.. hee (55 tahun)",Negatif
Siapa yang nonton sambil merokok? Berarti samağŸ˜,Positif
Terimakasih dokğŸ™ğŸ»,Positif
"Merokok boleh kencang tapi tetap di imbangi dong olahraga dan menjaga pola makan, jangan lupa tidur yang cukup,,",Positif
"Saya perokok tetap sehat,karena selalu olah raga dan tidak malas-malasan",Positif
"ClassMild, marlboro mana suaranyağŸ‘",Positif
"PANJANG UMUR PARA PENIKMAT TEMBAKAU INDONESIA ,aamiin...ğŸ˜",Positif
"Orang yang merokok tandanya dia sehat,, kalau sakit tak mungkin merokok âœŒ",Positif
"yang merokok tetap sehat ,,ya sudah di atur sama Tuhan mereka bernasib baik,,belum tentu dengan kita ğŸ¤£",Positif
"Yang Mampir Nonton karena dia Perokok, Merasa masih ada kesempatan hidup LikeğŸ˜‚",Positif
Good video sangat inspirative.. sukses selalu,Positif
Aneh Juga Ya? Teman Saya Yang gak Merokok Malah Bermasalah Sewaktu MCU,Positif
gue kalau merokok harus ada kopi nya.. kalau gak ada kopi paling setengah batang langsung gue buang rokoknya,Positif
"yang pelit membagi rokoknya ,mana suaranya???,ğŸ˜ƒğŸ˜ƒğŸ˜ƒ",Positif
Saya suka dokter ini... Dokter ini tidak munafk..,Positif
"Semoga pada sehat semua, karena sayapun tergolong perokok.",Positif
yang merokoknya minta sama teman mana likenya hahahahah.,Positif
"kakek gue merokok mulai umur 17 tahun,, sampai sekarang beliau sehat diusia 90 tahunan.. ğŸ˜… giginya masih ada kuat ",Positif
Top dok logika banget.. sehat selalu buat dokter ini ya,Positif
Mau ngumpulin para perokok aktif Juga ngopi like,Positif
Kenapa merokok itu membunuhmu...? Karena ada Cuka dan Kimia. Save Kretek Indonesia ( Tenguee),Positif
"orang merokok jangan takut mati, kalau mati ya ambil korek lalu nyalakan lagi. begitu yah",Positif
"Olahraga rutin walau tidak setiap hari, juga pola makan, pola hidup, pola pikir,, itu saja sudah cakep buat hidup sehat",Positif
yang pakai surya 16 angkat tangan dongğŸ˜‚ğŸ˜‚ğŸ˜‚,Positif
Thanks you dok atas masukannya..,Positif
Salahnya dok yang gak merokok malah ngemut permen / ngemeal jadi pindah kalau gak penyakit gula pasti obesitas.,Positif
Setelah menonton ini saya semakin bersemangat merokok,Positif
"Terima kasih dok pencerahannya, sangat membantu sekali dalam keseharian saya.",Negatif
Alhmdulilah dari sehari 2 bungkus sekarang cuma 1 bungkus sehari,Negatif
"Iya Dok, semoga yang perokok bisa berhenti atau sebisa mungkin mengurangi. Hehe",Negatif
Alhamdulillah saya berhenti rokok sudah satu tahun akhirnya saya berhenti kebiasaan buruk ini sampai mengigil,Negatif
Mengapa perokok bisa berumur panjang?? Ya karna takdir..,Positif
"Berlebihan, masa sehari sampai 3 sampai 5 pak sehari. 1 bungkus aja belum tentu habis",Negatif
yang perokok tapi suka minta sama temanya hayo angkat tangan lalu LIKE. ğŸ˜…,Positif
Ini Dokter yang paling sesuai dengan hati masyarakat menurut saya.,Positif
"Nonton video ini lagi merokok, betul2 masuk dari kuping kiri keluar kuping kanan",Positif
Wah ini mah aku banget hehe makasih neh oas infonya,Positif
"Selalu berpikir untuk sehat, bukan memikirkan untuk sakit",Positif
Saya setiap hari tetap berlatih dan minum yakult 2x....?!,Positif
Ini nih gue demen dokter yang beginian penjelasannya juga detail dan mudah dipahami.. Tanpa membela A&B (NETRAL),Positif
Terimakasih dokter Banyak sekali Makna yang saya dapat dari penjelasan tsb.,Positif
Katanya habis makan tidak merokok sama dengan habis berak tidak cebokğŸ˜,Positif
"Dokter, bapak saya umur 79 tahun, perokok berat ngelinting ,berhentinya kalau tidur aja, tapi sehat selalu.",Positif
"Yang perokok, tukang ngopi, tidur tidak teratur, tukang begadang, makan seadanya tanpa pilih pilih. LIKE",Positif
Alhamdulillah Kake buyut ku Umur 102 sehat Dan masih merokok,Positif
Yang merokok tapi tetap kuat olahraga angkat jempolnyağŸ‘,Positif
"saya 1 hari 2 bungkus kadang 3 bungkus,, tapi saya susah banget mau berhenti",Negatif
tak Pernah Dengar orang Pas Mati Waktu Merokok Paling Rokoknya yang Mati,Positif
"Mantap dok ,penyampaiannya enak ke hati ,semoga jadi ilmu buat saya yang ingin berhenti merokok",Positif
Apa cuman saya yang nonton ini sambil merokok?,Positif
gue umur 17 tahun masih sekolah SMA merokok njerr ketagihan tapi duit sendiri sih Gak duit orang tua,Positif
SEHAT selalu pak dokter mantap videonya dan menginspirasi,Positif
kalau saya merokok karna umur saya ditakdirkan oleh Allah. Bukan sama rokok. Dan alhamdulilah masih hidup dan sehat ,Positif
"Saya juga sudah mengurangi dok, caranya kalau lagi stress saya main kerumah teman aja minta rokok dia",Positif
Yang nonton di tahun 2020 like Perokok itu sehat,Positif
Ini yang dibilang Dokter KerenğŸ‘ğŸ‘,Positif
Merokok itu enak apalagi habis makan ..ğŸ‘ğŸ‘ğŸ‘,Positif
yang mau berhenti merokok tapi tetep gak bisa mana jempol nyağŸ‘ğŸ˜‚,Positif
Coba testimoni yang merokoknya lebih 2 bungkus per hari.,Negatif
emang bener sih yang kena corona aja kebanyakan yang gak merokok tapi giliran yang ngrokok pada gak kena dah terbukti sih,Positif
Mantep bro,Positif
Yang baru sebungkus sehari semalam ... Like ya,Positif
Dokter aku mau request gimana cara menghilangakan / membersihkan paru-paru secara sempurna...?,Positif
Dok saya perokok berat 30 sampai 50 batang per hari umur 62 tahun penyadap karet masih kuat,Positif
"aku sangat salut dok, semoga tambah berjaya karirmu dok",Positif
"Jadi... kalau sehari gak sampai 1 bungkus, gak perlu berhenti ya Dok ? ğŸ˜",Positif
Yang nonton 2019 angkat jempolnya,Positif
Kakekku perokok tapi umurnya sudah hapir 100 tahun alhamdulillah gak ada gangguan apa apa soal merokok .,Positif
"Intinya balance antara olahraga, pola makan, pola hidup dan merokok...",Positif
Kenapa perokok masih bisa sehat . Karena pakai duit sendiri. Coba pakai duit tetangga. Sakit loe di gebukin,Positif
Apa cuma saya yang melihat channel ini sambil merokok.????,Positif
semoga yang masih tetap merokok selalu diberi kesehatan..,Positif
Bapakku umur 70 tahun perokok tulen. Alhamdulillah masih sehat wal afiat.,Positif
Alhamdulillah saya perokok tapi sudah berhenti. ,Negatif
Mau tanya dok terus kalau yang kerjanya hanya malam hari aja bagaimana dong minta sarannya,Positif
Perokok adalah pembayar pajak terbesar...semoga saya dan para perokok selalu sehat-sehat dan panjang umur,Positif
90 % perokok ingin berhenti merokok. kalau menurut loe benar like,Negatif
Merokok menyebabkan isi dompet tidak sehat :(,Negatif
Wah makin gairah nih merokok Makasih ya dokder ilmunya,Positif
Semoga para perokok selalu menghisap....,Positif
Dari sini kita sadar bahwa semua ada di garis ketentuan Allah,Positif
Kesehatan itu rezeki yang diberikan Allah Jadi mati itu karena Allah bukan karna rokok,Positif
YouTuber yang perokok mana nih?ğŸ˜ƒ,Positif
Terima kasih banyak dok informasi pentingnya.  Semoga kita semua tetap sehat walau sudah terlanjur merokok,Positif
"yang merokok sambil menghayal, mana suaranyağŸ˜ƒğŸ˜ƒğŸ˜ƒ",Positif
"3,3jtÃ— ditonton wow!! yang nonton pasti perokok semuağŸ˜‚",Positif
merokok mati gak merokok juga matiğŸ˜‚,Positif
yang merokok sambil ngopi mana suaranya???,Positif
"Asal tidak berlebihan, merokok itu aman untuk menghilangakan stres",Positif
Oh kalau saya juga di tanya masalah merokok. Jagonya  Banyak teman-teman saya yang tidak merokok sudah meninggal dunia....,Positif
Dokter yang melihat kondisi secara objective...ğŸ‘,Positif
35% penduduk indonesia mati karena merokok... 65% mati tidak merokokğŸ˜ğŸ˜‚,Positif
yang rata-rata respek di channel ini orang-orang perokok semua. ayo kita tingkatkan kesehatan kita walaupun  kita prokok tapi tetap stabil.,Positif
Ada kakek umurnya 120 tahun baru meninggal tahun 2018. rokonya full banget kok bisa ya dokter.,Positif
Mungkin karena sudah takdir ğŸ˜‚,Positif
Bapak gue yang merokok gue yang gak merokok kena imbasnya :),Negatif
Sehari satu pak aja udah seperti sepur apalagi empat pakğŸ˜‚,Positif
Sangat bermanfaat dok..,Positif
"ingin berhenti merokok., bakar di kedua ujungnya",Negatif
Resep saya biar selalu sehat tapi rokok jalan terus. tidak lepas minum air kelapa muda setiap hariğŸ‘,Positif
Yang suka hilang korek ketika kumpul bareng teman mana suaranya ?,Positif
penikmat gudang garam surya 12 angkat jempolnya...,Positif
Makasih dok infonya ....alhamdulillah anak saya juga perokok ..tapi yang gak terlalu,Positif
gue nonton sambil merokok wkwk,Positif
Tergantung gen si menurut saya sama olahraga aja yang abis fitnes abis itu merokok mana?ğŸ˜‚,Positif
Penjelasan yang sangat bagus.. Langsung gue subscribe om..ğŸ‘ğŸ‘ğŸ‘ğŸ‘ğŸ‘ğŸ‘,Positif
ayah saya sehari 2 pak kadang 3 pak sampai sekarang masih sehatğŸ˜€ tanpa olahragağŸ˜€,Positif
"Saya belum pernah merokok, untung belum kecanduanğŸ˜Š",Negatif
Kolesterol lebih berbahaya dari pada nikotin.,Positif
Mau coba merokok bagaimana dok :v,Positif
Umur saya sudah 70 tahun dan masih merokokğŸ˜…,Positif
pasukan filter mana likenya :),Positif
"Semakin banyak gue merokok semakin banyak aktifitas olahraga . Kalau di jawa namanya ""ndablek tapi sumbut""",Positif
Siapa yang nonton video ini sambil merokok?,Positif
Amat sangat mudah dimengerti cara penyampaiannya dan sangat objective anda...terimakasih,Positif
Yang lihat sambil ngopi + rokok angkat jempolnyağŸ¤£ğŸ‘,Positif
Papa saya sudah 60 tahun lebih perokok berat dan sehat.. Bangun tidur harus merokok dl wajib,Positif
"""MEROKOK MEMBUNUHMU, bukan MEROKOK MEMBUNUHKU"" makannya saya merokok ğŸ‘Œ",Positif
Saya juga pernah berhenti merokok secara spontan dan alhasil langsung sakit.,Positif
"Merokok menyebabkan penyakit ""Mata..â€¦ pencaharian""ğŸ˜‚ğŸ˜‚ğŸ˜‚ğŸ˜‚ğŸ˜‚ğŸ˜‚",Negatif
Iyaa kadang gue kagum.kok dia merokok Masih kuat lari lah gue kalah padahal gue tidak merokok dll,Positif
70% penyakit tu dari pikiran buktinya orang gila makan apa aja gak peduli kotor apa gak sehat sehat aja wkwkwk,Positif
Merokok bisa panjang umur? Pantas saja gudang garam awet sampai sekarang. Hehe,Positif
"Boro boro sehari 1 bungkus, 1 bungkus aja aku 5 hari kadang 1 minggu",Positif
"Slogan para perokok ""Ora udud ora smile"" ğŸ˜‚ğŸ˜‚",Positif
Dok kalau jenis rokoknya kretek atau filter pengaruh gak?,Positif
saya hanya latihan pernafasan tiap pagi tubuh saya alhamdulillah sehat,Positif
"dokter, saya satu bungkus habis satu minggu",Positif
Saya merokok dari SMP alhamdulillah sehat di usia 53 tahun,Positif
tidak ada tips khusus sih buat sehat walau merokok. Intinya kalau sakit ya sudah takdir,Positif
Yang merokok pakai pipa gading gajah coba lapor ğŸ˜,Positif
Merokok atau tidak merokok usia manusia sudah ada yang tentukan..,Positif
Sangat bermanfaat terima kasih :),Positif
Siapa yang Nonton 2019 oh iya btw penikmat malboro black mana nihğŸ˜‚,Positif
yang nonton sambil merokok Cung...â˜ï¸,Positif
Iya kok bapak saya perokok umurnya malah 90an teman perokok ya sehat heran sayağŸ’¯ğŸ‘ğŸ™,Positif
Ok dok yang penting jangan stres paling bahaya marah-marah doktor sehat dokter banyak senyum,Positif
yang gak merokok malah cepat mati ?,Positif
habis merokok. minum air putih. itu kalau saya,Positif
Waduh kalau sehari 1 pak tidak kuat boskuğŸ¤£,Positif
"Jadi ingat teman saya yang nyuruh berhenti merokok, tapi sayang dia meninggal duluan karena diet",Positif
gue nonton sembari merokok ğŸ˜‚ğŸ˜‚ğŸ™,Positif
Perokok tetap sehat karena sering minum air mineral banyak karena perokok sering mengalami kehausan,Positif
yang jelas takdir di tangan Tuhan,Positif
Setuju Dok ... mengurangi rokoknya teman ğŸ˜†,Positif
Saya mau tanya apakah merokok dapat menggagalkan masa depan?,Positif
yang menghisap marlboro mana jempolnyağŸ˜ğŸ˜ğŸ˜,Positif
merokok sambil berenang itu baru bahaya tingakat tinggi bisa saja mematikan,Positif
"Dok ,saya perokok berat tapi saya ingin berhenti susah banget tolong yah dok tips cara berhenti merokok terima kasih .",Negatif
yang pagi-pagi ngopi hitam sama merokok mana jempolnya,Positif
merokok 3 pak sehari .. nafasnya bau apa itu ??,Negatif
kalau kata orang sunda mah sebelum dinyalain sing jadi ubar-ubar gitu hehe,Positif
Yang nonton sambil merokok SUBSCRIBE.,Positif
Susah dok ngasih tau orang yang ijazahnya daun,Negatif
"Saya berhenti merokok tidak dengan mengurangi, tapi dengan niat tulus aja berhenti langsung Alhamdulillah saya bisa.",Positif
"Kata bapak gue, merokok boleh tapi minimal ya harus olahraga sampai berkeringat",Positif
Merokok itu buat kita semangat kerja. pikiran jernih .coba gak merokok seperti orang linglung.,Positif
Betul dok ada orang yang berhenti merokok malahan sering sakit. Salam sehat,Positif
Kakek saya perokok meninggal di usia 115 tahun dan kalau sakit hanya flu biasa.,Positif
"karena perokok melatih pernapasan, uniknya lagi asapnya bisa keluar O, mana nih yang bisa ngeluarin asapnya O",Positif
"Dokter tuh seperti ini,,, memberitahu tau buat tenang,,",Positif
Siapa yang nongkrong di wc sambil merokok hahaha,Positif
Dokter yang cerdasğŸ‘ intinya dokter menyarankan kita supya berhenti merokok cuman secara perlahan lahan,Negatif
Saya tadinya perokok berat tapi berhenti langsung total gak lagi gak ada masalah itu sampai sekarang,Negatif
Karena di dalam tubuh yang sehat terdapat jiwa yang sehat. Sebaliknya sama doang,Positif
Alloh yang kasih Umur.. Dan Rokoknya GUDANG GARAM FILTER...HAAAHAAA,Positif
Selamat malam pak dokter terima kasih atas Infonya untuk berhenti merokok secara perlahan lahan ğŸ™,Negatif
yang doyan GG Filter mana like nya...,Positif
Aku gak prnah olahraga .. Aku perokok... tapi aku kerja sampai ganti baju 3x..,Positif
Doktet ini tidak perokok karena dia selalu menyebut pak bukan bungkus tapi dia adil.,Positif
Baru lihat dokter sung ketawağŸ˜‚,Positif
Hayo jujur kalo memang perokok kapan merokok paling nikmat....,Positif
"Ora udud paru"" ora smile",Positif
"Matull dok ilmu dan motivasinya ijin mengambil ilmunya biar banyak orang yang paham, mohon balasan",Negatif
"saya perokok sehari 3 pak, tapi saya rajin olahraga dan konsumsi sayur dan buah puji tuhan saya tetap sehat",Positif
merokok boleh asal jangan minta,Positif
kalau merokok 1 pack sehari saya gak sanggup kalau 1 bungkus sehari itu masih sanggup pak dokter wkwkwkk,Positif
Saya merokok 3 hari cuma 1 bungkus saja..,Positif
"Aku perokok tetap sehat, tapi yang belum pernah merokok jangan merokok yağŸ˜",Negatif
"Saya perokok berat dok,, tapi alhamdulillah sehat wal AfiatğŸ˜€ğŸ˜€",Positif
Tetangga saya banyak yang gak merokok kenapa mati mendadak padahal rutin olahraga,Positif
Ya maaf ikut berkomentar waktu bapak saya merokok Sampai usia 90 tahun usianya,Positif
Kakek saya sudah umur 70 lebih tapi tetep sehat,Positif
"teman saya perokok mati karena kecelakaan, mati ditangan Tuhan!",Positif
Siapa yang nonton sembari merokok..,Positif
jaga kesehatan. untuk sehat. tidak merokok tidak menjamin sehat.ğŸ˜‚ğŸ˜€ğŸ˜‚ğŸ˜€ğŸ˜‚ğŸ˜€ğŸ™,Positif
Merokok itu sehat asal sesuai dosisnya. Sudah anggap aja begitu hahahaha,Positif
Kakek saya mati pas disuruh berhenti merokok....,Positif
yang gak merokok bencongğŸ˜‚,Positif
yang merokok magnum......like dong,Positif
"Saya umur 32 tahun dan sudah merokok dari umur 17 tahun. Alhamdulillah saya jarang sakit,.",Positif
Kakek saya merokok sambung menyambung usianya sampai 114 tahun.,Positif
"Pria punya selera, GARPIT",Positif
Ini dokter yang profesional menjelaskan apa adanya sangat berimbang,Positif
Lakukan yang membuat anda merasa nyaman dan senang... pasti anda merasa sehat,Positif
"Boleh merokok tapi jangan lupa olahraga terutama renang bro ,karena Renang menyehatkan paru paru",Positif
"Karena asapnya saya buang, gak ditelan",Positif
Lebih bahaya mana ? Merokok atau Berhenti Olahraga ?,Positif
Nonton sambil merokokğŸ˜†,Positif
"Perokok tetap sehat karna rajin olahraga, jaga makan, tidak begadang makan makanan sehat",Positif
Perokok nonton senyum senyapğŸ˜,Positif
Saya merokok umur 62 tahun saya masih naik gunung.,Positif
jangan lakukan sesuatu apabila anda takut / khawatir....saya merokok karena membuat saya bahagia,Positif
Tetanggaku gak merokok juga meninggal diusia muda...hidup perokok aktif yang masih sehat dan panjang umur...,Positif
Penjelasannya sangat detail sekali dan mudah di pahamiğŸ˜ğŸ‘ğŸ‘ğŸ‘ğŸ‘,Positif
Tetangga saya umur 130 tidak mati mati yang tidak merokok banyak mati duluan,Positif
Kakek saya sejak kecil kuat merokok sampai itu badannya kurang sakit matinya tua banget,Positif
Sebenarnya berhenti merokok itu mudah dok tapi lingakungan yang buat berhenti merokok jadi sulit,Positif
Yang merokok marlboro putih merah mana?? Minta likenya dong,Positif
Siapa bilang perokok tetap sehat lihat aja hasil ronzen pasti ada bintik-bitiknya,Negatif
Makasih atas infonya dok,Positif
Usia 85 tahun lebih perokok tapi masih sehat kuat,Positif
Perokok kadang-kadang sambil berpikir lumayan tapi faktor sakit resikonya kena paru-paru .,Negatif
Anjir.. gue nonton sambil begadang merokok lagi..ğŸ˜‚,Positif
"yang bab sambil bawa rokok / kopi, mana suaranyağŸ˜‚ğŸ˜‚",Positif
terima kasih pak Dokter tipsnya sangat bermanfaat.. semoga sehat selalu panjang umur dan sejahtera.. ğŸ™,Positif
"sepertinya pencerahan ini kontroversi,",Negatif
